Workbook

Sheet Resources
A1: Name | B1: Type | C1: Capacity (0-1)
A2: Person1 | B2: SCC | C2: 1
A3: Person2 | B3: TW | C3: 0.8

Sheet Allocation
A1: Resource Name | B1: Category | C1: Initiative | D1: Project | E1: Module | F1: Jan-2026 | G1: Feb-2026 | H1: Mar-2026 | I1: Apr-2026 | J1: May-2026 | K1: Jun-2026 | L1: Jul-2026 | M1: Aug-2026 | N1: Sep-2026 | O1: Oct-2026 | P1: Nov-2026 | Q1: Dec-2026
A2: Person1 | B2: SD | C2: Init1 | D2: Proj1 | E2: Mod1 | F2: 0.5 | G2: 0.5 | H2: 0.5 | I2: 0.5 | J2: 0.5 | K2: 0.5 | L2: 0.5 | M2: 0.5 | N2: 0.5 | O2: 0.5 | P2: 0.5 | Q2: 0.5
A3: Person1 | B3: RTB | C3: Init2 | D3: Proj2 | E3: Mod2 | F3: 0.5 | G3: 0.5 | H3: 0.5 | I3: 0.5 | J3: 0.5 | K3: 0.5 | L3: 0.5 | M3: 0.5 | N3: 0.5 | O3: 0.5 | P3: 0.5 | Q3: 0.5
A4: Person2 | B4: SD | C4: Init1 | D4: Proj1 | E4: Mod1 | F4: 0.8 | G4: 0.8 | H4: 0.8 | I4: 0.8 | J4: 0.8 | K4: 0.8 | L4: 0.8 | M4: 0.8 | N4: 0.8 | O4: 0.8 | P4: 0.8 | Q4: 0.8

Sheet Person Monthly View
A1: Resource Name | B1: Jan-2026 | C1: Feb-2026 | D1: Mar-2026 | E1: Apr-2026 | F1: May-2026 | G1: Jun-2026 | H1: Jul-2026 | I1: Aug-2026 | J1: Sep-2026 | K1: Oct-2026 | L1: Nov-2026 | M1: Dec-2026
A2: =UNIQUE(Allocation!A2:A5000) | B2: =SUMIFS(Allocation!F2:F5000,Allocation!A2:A5000,A2#) | C2: =SUMIFS(Allocation!G2:G5000,Allocation!A2:A5000,A2#) | D2: =SUMIFS(Allocation!H2:H5000,Allocation!A2:A5000,A2#) | E2: =SUMIFS(Allocation!I2:I5000,Allocation!A2:A5000,A2#) | F2: =SUMIFS(Allocation!J2:J5000,Allocation!A2:A5000,A2#) | G2: =SUMIFS(Allocation!K2:K5000,Allocation!A2:A5000,A2#) | H2: =SUMIFS(Allocation!L2:L5000,Allocation!A2:A5000,A2#) | I2: =SUMIFS(Allocation!M2:M5000,Allocation!A2:A5000,A2#) | J2: =SUMIFS(Allocation!N2:N5000,Allocation!A2:A5000,A2#) | K2: =SUMIFS(Allocation!O2:O5000,Allocation!A2:A5000,A2#) | L2: =SUMIFS(Allocation!P2:P5000,Allocation!A2:A5000,A2#) | M2: =SUMIFS(Allocation!Q2:Q5000,Allocation!A2:A5000,A2#)

Sheet Category Monthly View
A1: Category | B1: Jan-2026 | C1: Feb-2026 | D1: Mar-2026 | E1: Apr-2026 | F1: May-2026 | G1: Jun-2026 | H1: Jul-2026 | I1: Aug-2026 | J1: Sep-2026 | K1: Oct-2026 | L1: Nov-2026 | M1: Dec-2026
A2: =UNIQUE(Allocation!B2:B5000) | B2: =SUMIFS(Allocation!F2:F5000,Allocation!B2:B5000,A2#) | C2: =SUMIFS(Allocation!G2:G5000,Allocation!B2:B5000,A2#) | D2: =SUMIFS(Allocation!H2:H5000,Allocation!B2:B5000,A2#) | E2: =SUMIFS(Allocation!I2:I5000,Allocation!B2:B5000,A2#) | F2: =SUMIFS(Allocation!J2:J5000,Allocation!B2:B5000,A2#) | G2: =SUMIFS(Allocation!K2:K5000,Allocation!B2:B5000,A2#) | H2: =SUMIFS(Allocation!L2:L5000,Allocation!B2:B5000,A2#) | I2: =SUMIFS(Allocation!M2:M5000,Allocation!B2:B5000,A2#) | J2: =SUMIFS(Allocation!N2:N5000,Allocation!B2:B5000,A2#) | K2: =SUMIFS(Allocation!O2:O5000,Allocation!B2:B5000,A2#) | L2: =SUMIFS(Allocation!P2:P5000,Allocation!B2:B5000,A2#) | M2: =SUMIFS(Allocation!Q2:Q5000,Allocation!B2:B5000,A2#)

Sheet Initiative Monthly View
A1: Initiative | B1: Jan-2026 | C1: Feb-2026 | D1: Mar-2026 | E1: Apr-2026 | F1: May-2026 | G1: Jun-2026 | H1: Jul-2026 | I1: Aug-2026 | J1: Sep-2026 | K1: Oct-2026 | L1: Nov-2026 | M1: Dec-2026
A2: =UNIQUE(Allocation!C2:C5000) | B2: =SUMIFS(Allocation!F2:F5000,Allocation!C2:C5000,A2#) | C2: =SUMIFS(Allocation!G2:G5000,Allocation!C2:C5000,A2#) | D2: =SUMIFS(Allocation!H2:H5000,Allocation!C2:C5000,A2#) | E2: =SUMIFS(Allocation!I2:I5000,Allocation!C2:C5000,A2#) | F2: =SUMIFS(Allocation!J2:J5000,Allocation!C2:C5000,A2#) | G2: =SUMIFS(Allocation!K2:K5000,Allocation!C2:C5000,A2#) | H2: =SUMIFS(Allocation!L2:L5000,Allocation!C2:C5000,A2#) | I2: =SUMIFS(Allocation!M2:M5000,Allocation!C2:C5000,A2#) | J2: =SUMIFS(Allocation!N2:N5000,Allocation!C2:C5000,A2#) | K2: =SUMIFS(Allocation!O2:O5000,Allocation!C2:C5000,A2#) | L2: =SUMIFS(Allocation!P2:P5000,Allocation!C2:C5000,A2#) | M2: =SUMIFS(Allocation!Q2:Q5000,Allocation!C2:C5000,A2#)

Sheet Module Monthly View
A1: Module | B1: Jan-2026 | C1: Feb-2026 | D1: Mar-2026 | E1: Apr-2026 | F1: May-2026 | G1: Jun-2026 | H1: Jul-2026 | I1: Aug-2026 | J1: Sep-2026 | K1: Oct-2026 | L1: Nov-2026 | M1: Dec-2026
A2: =UNIQUE(Allocation!E2:E5000) | B2: =SUMIFS(Allocation!F2:F5000,Allocation!E2:E5000,A2#) | C2: =SUMIFS(Allocation!G2:G5000,Allocation!E2:E5000,A2#) | D2: =SUMIFS(Allocation!H2:H5000,Allocation!E2:E5000,A2#) | E2: =SUMIFS(Allocation!I2:I5000,Allocation!E2:E5000,A2#) | F2: =SUMIFS(Allocation!J2:J5000,Allocation!E2:E5000,A2#) | G2: =SUMIFS(Allocation!K2:K5000,Allocation!E2:E5000,A2#) | H2: =SUMIFS(Allocation!L2:L5000,Allocation!E2:E5000,A2#) | I2: =SUMIFS(Allocation!M2:M5000,Allocation!E2:E5000,A2#) | J2: =SUMIFS(Allocation!N2:N5000,Allocation!E2:E5000,A2#) | K2: =SUMIFS(Allocation!O2:O5000,Allocation!E2:E5000,A2#) | L2: =SUMIFS(Allocation!P2:P5000,Allocation!E2:E5000,A2#) | M2: =SUMIFS(Allocation!Q2:Q5000,Allocation!E2:E5000,A2#)
