Workbook

Sheet Resources
A1: Name | B1: Type | C1: Capacity (0-1)
A2: Person1 | B2: SCC | C2: 1
A3: Person2 | B3: TW | C3: 0.8

Sheet Allocation
A1: Resource Name | B1: Category | C1: Initiative | D1: Project | E1: Module | F1: Jan-2026 | G1: Feb-2026 | H1: Mar-2026 | I1: Apr-2026 | J1: May-2026 | K1: Jun-2026 | L1: Jul-2026 | M1: Aug-2026 | N1: Sep-2026 | O1: Oct-2026 | P1: Nov-2026 | Q1: Dec-2026
A2: Person1 | B2: SD | C2: Init1 | D2: Proj1 | E2: Mod1 | F2: 0.5 | G2: 0.5 | H2: 0.5 | I2: 0.5 | J2: 0.5 | K2: 0.5 | L2: 0.5 | M2: 0.5 | N2: 0.5 | O2: 0.5 | P2: 0.5 | Q2: 0.5
A3: Person1 | B3: RTB | C3: Init2 | D3: Proj2 | E3: Mod2 | F3: 0.5 | G3: 0.5 | H3: 0.5 | I3: 0.5 | J3: 0.5 | K3: 0.5 | L3: 0.5 | M3: 0.5 | N3: 0.5 | O3: 0.5 | P3: 0.5 | Q3: 0.5
A4: Person2 | B4: SD | C4: Init1 | D4: Proj1 | E4: Mod1 | F4: 0.8 | G4: 0.8 | H4: 0.8 | I4: 0.8 | J4: 0.8 | K4: 0.8 | L4: 0.8 | M4: 0.8 | N4: 0.8 | O4: 0.8 | P4: 0.8 | Q4: 0.8

Sheet Person Monthly View
A1: Resource Name | B1: Jan-2026 | C1: Feb-2026 | D1: Mar-2026 | E1: Apr-2026 | F1: May-2026 | G1: Jun-2026 | H1: Jul-2026 | I1: Aug-2026 | J1: Sep-2026 | K1: Oct-2026 | L1: Nov-2026 | M1: Dec-2026
A2: =IF(Resources!A2="","",Resources!A2) | B2: =IF($A2="","",SUMIFS(Allocation!$F$2:$F$5000,Allocation!$A$2:$A$5000,$A2)) | C2: =IF($A2="","",SUMIFS(Allocation!$G$2:$G$5000,Allocation!$A$2:$A$5000,$A2)) | D2: =IF($A2="","",SUMIFS(Allocation!$H$2:$H$5000,Allocation!$A$2:$A$5000,$A2)) | E2: =IF($A2="","",SUMIFS(Allocation!$I$2:$I$5000,Allocation!$A$2:$A$5000,$A2)) | F2: =IF($A2="","",SUMIFS(Allocation!$J$2:$J$5000,Allocation!$A$2:$A$5000,$A2)) | G2: =IF($A2="","",SUMIFS(Allocation!$K$2:$K$5000,Allocation!$A$2:$A$5000,$A2)) | H2: =IF($A2="","",SUMIFS(Allocation!$L$2:$L$5000,Allocation!$A$2:$A$5000,$A2)) | I2: =IF($A2="","",SUMIFS(Allocation!$M$2:$M$5000,Allocation!$A$2:$A$5000,$A2)) | J2: =IF($A2="","",SUMIFS(Allocation!$N$2:$N$5000,Allocation!$A$2:$A$5000,$A2)) | K2: =IF($A2="","",SUMIFS(Allocation!$O$2:$O$5000,Allocation!$A$2:$A$5000,$A2)) | L2: =IF($A2="","",SUMIFS(Allocation!$P$2:$P$5000,Allocation!$A$2:$A$5000,$A2)) | M2: =IF($A2="","",SUMIFS(Allocation!$Q$2:$Q$5000,Allocation!$A$2:$A$5000,$A2))
A3: =IF(Resources!A3="","",Resources!A3) | B3: =IF($A3="","",SUMIFS(Allocation!$F$2:$F$5000,Allocation!$A$2:$A$5000,$A3)) | C3: =IF($A3="","",SUMIFS(Allocation!$G$2:$G$5000,Allocation!$A$2:$A$5000,$A3)) | D3: =IF($A3="","",SUMIFS(Allocation!$H$2:$H$5000,Allocation!$A$2:$A$5000,$A3)) | E3: =IF($A3="","",SUMIFS(Allocation!$I$2:$I$5000,Allocation!$A$2:$A$5000,$A3)) | F3: =IF($A3="","",SUMIFS(Allocation!$J$2:$J$5000,Allocation!$A$2:$A$5000,$A3)) | G3: =IF($A3="","",SUMIFS(Allocation!$K$2:$K$5000,Allocation!$A$2:$A$5000,$A3)) | H3: =IF($A3="","",SUMIFS(Allocation!$L$2:$L$5000,Allocation!$A$2:$A$5000,$A3)) | I3: =IF($A3="","",SUMIFS(Allocation!$M$2:$M$5000,Allocation!$A$2:$A$5000,$A3)) | J3: =IF($A3="","",SUMIFS(Allocation!$N$2:$N$5000,Allocation!$A$2:$A$5000,$A3)) | K3: =IF($A3="","",SUMIFS(Allocation!$O$2:$O$5000,Allocation!$A$2:$A$5000,$A3)) | L3: =IF($A3="","",SUMIFS(Allocation!$P$2:$P$5000,Allocation!$A$2:$A$5000,$A3)) | M3: =IF($A3="","",SUMIFS(Allocation!$Q$2:$Q$5000,Allocation!$A$2:$A$5000,$A3))
A4: =IF(Resources!A4="","",Resources!A4) | B4: =IF($A4="","",SUMIFS(Allocation!$F$2:$F$5000,Allocation!$A$2:$A$5000,$A4)) | C4: =IF($A4="","",SUMIFS(Allocation!$G$2:$G$5000,Allocation!$A$2:$A$5000,$A4)) | D4: =IF($A4="","",SUMIFS(Allocation!$H$2:$H$5000,Allocation!$A$2:$A$5000,$A4)) | E4: =IF($A4="","",SUMIFS(Allocation!$I$2:$I$5000,Allocation!$A$2:$A$5000,$A4)) | F4: =IF($A4="","",SUMIFS(Allocation!$J$2:$J$5000,Allocation!$A$2:$A$5000,$A4)) | G4: =IF($A4="","",SUMIFS(Allocation!$K$2:$K$5000,Allocation!$A$2:$A$5000,$A4)) | H4: =IF($A4="","",SUMIFS(Allocation!$L$2:$L$5000,Allocation!$A$2:$A$5000,$A4)) | I4: =IF($A4="","",SUMIFS(Allocation!$M$2:$M$5000,Allocation!$A$2:$A$5000,$A4)) | J4: =IF($A4="","",SUMIFS(Allocation!$N$2:$N$5000,Allocation!$A$2:$A$5000,$A4)) | K4: =IF($A4="","",SUMIFS(Allocation!$O$2:$O$5000,Allocation!$A$2:$A$5000,$A4)) | L4: =IF($A4="","",SUMIFS(Allocation!$P$2:$P$5000,Allocation!$A$2:$A$5000,$A4)) | M4: =IF($A4="","",SUMIFS(Allocation!$Q$2:$Q$5000,Allocation!$A$2:$A$5000,$A4))
A5: =IF(Resources!A5="","",Resources!A5) | B5: =IF($A5="","",SUMIFS(Allocation!$F$2:$F$5000,Allocation!$A$2:$A$5000,$A5)) | C5: =IF($A5="","",SUMIFS(Allocation!$G$2:$G$5000,Allocation!$A$2:$A$5000,$A5)) | D5: =IF($A5="","",SUMIFS(Allocation!$H$2:$H$5000,Allocation!$A$2:$A$5000,$A5)) | E5: =IF($A5="","",SUMIFS(Allocation!$I$2:$I$5000,Allocation!$A$2:$A$5000,$A5)) | F5: =IF($A5="","",SUMIFS(Allocation!$J$2:$J$5000,Allocation!$A$2:$A$5000,$A5)) | G5: =IF($A5="","",SUMIFS(Allocation!$K$2:$K$5000,Allocation!$A$2:$A$5000,$A5)) | H5: =IF($A5="","",SUMIFS(Allocation!$L$2:$L$5000,Allocation!$A$2:$A$5000,$A5)) | I5: =IF($A5="","",SUMIFS(Allocation!$M$2:$M$5000,Allocation!$A$2:$A$5000,$A5)) | J5: =IF($A5="","",SUMIFS(Allocation!$N$2:$N$5000,Allocation!$A$2:$A$5000,$A5)) | K5: =IF($A5="","",SUMIFS(Allocation!$O$2:$O$5000,Allocation!$A$2:$A$5000,$A5)) | L5: =IF($A5="","",SUMIFS(Allocation!$P$2:$P$5000,Allocation!$A$2:$A$5000,$A5)) | M5: =IF($A5="","",SUMIFS(Allocation!$Q$2:$Q$5000,Allocation!$A$2:$A$5000,$A5))
A6: =IF(Resources!A6="","",Resources!A6) | B6: =IF($A6="","",SUMIFS(Allocation!$F$2:$F$5000,Allocation!$A$2:$A$5000,$A6)) | C6: =IF($A6="","",SUMIFS(Allocation!$G$2:$G$5000,Allocation!$A$2:$A$5000,$A6)) | D6: =IF($A6="","",SUMIFS(Allocation!$H$2:$H$5000,Allocation!$A$2:$A$5000,$A6)) | E6: =IF($A6="","",SUMIFS(Allocation!$I$2:$I$5000,Allocation!$A$2:$A$5000,$A6)) | F6: =IF($A6="","",SUMIFS(Allocation!$J$2:$J$5000,Allocation!$A$2:$A$5000,$A6)) | G6: =IF($A6="","",SUMIFS(Allocation!$K$2:$K$5000,Allocation!$A$2:$A$5000,$A6)) | H6: =IF($A6="","",SUMIFS(Allocation!$L$2:$L$5000,Allocation!$A$2:$A$5000,$A6)) | I6: =IF($A6="","",SUMIFS(Allocation!$M$2:$M$5000,Allocation!$A$2:$A$5000,$A6)) | J6: =IF($A6="","",SUMIFS(Allocation!$N$2:$N$5000,Allocation!$A$2:$A$5000,$A6)) | K6: =IF($A6="","",SUMIFS(Allocation!$O$2:$O$5000,Allocation!$A$2:$A$5000,$A6)) | L6: =IF($A6="","",SUMIFS(Allocation!$P$2:$P$5000,Allocation!$A$2:$A$5000,$A6)) | M6: =IF($A6="","",SUMIFS(Allocation!$Q$2:$Q$5000,Allocation!$A$2:$A$5000,$A6))
A7: =IF(Resources!A7="","",Resources!A7) | B7: =IF($A7="","",SUMIFS(Allocation!$F$2:$F$5000,Allocation!$A$2:$A$5000,$A7)) | C7: =IF($A7="","",SUMIFS(Allocation!$G$2:$G$5000,Allocation!$A$2:$A$5000,$A7)) | D7: =IF($A7="","",SUMIFS(Allocation!$H$2:$H$5000,Allocation!$A$2:$A$5000,$A7)) | E7: =IF($A7="","",SUMIFS(Allocation!$I$2:$I$5000,Allocation!$A$2:$A$5000,$A7)) | F7: =IF($A7="","",SUMIFS(Allocation!$J$2:$J$5000,Allocation!$A$2:$A$5000,$A7)) | G7: =IF($A7="","",SUMIFS(Allocation!$K$2:$K$5000,Allocation!$A$2:$A$5000,$A7)) | H7: =IF($A7="","",SUMIFS(Allocation!$L$2:$L$5000,Allocation!$A$2:$A$5000,$A7)) | I7: =IF($A7="","",SUMIFS(Allocation!$M$2:$M$5000,Allocation!$A$2:$A$5000,$A7)) | J7: =IF($A7="","",SUMIFS(Allocation!$N$2:$N$5000,Allocation!$A$2:$A$5000,$A7)) | K7: =IF($A7="","",SUMIFS(Allocation!$O$2:$O$5000,Allocation!$A$2:$A$5000,$A7)) | L7: =IF($A7="","",SUMIFS(Allocation!$P$2:$P$5000,Allocation!$A$2:$A$5000,$A7)) | M7: =IF($A7="","",SUMIFS(Allocation!$Q$2:$Q$5000,Allocation!$A$2:$A$5000,$A7))
A8: =IF(Resources!A8="","",Resources!A8) | B8: =IF($A8="","",SUMIFS(Allocation!$F$2:$F$5000,Allocation!$A$2:$A$5000,$A8)) | C8: =IF($A8="","",SUMIFS(Allocation!$G$2:$G$5000,Allocation!$A$2:$A$5000,$A8)) | D8: =IF($A8="","",SUMIFS(Allocation!$H$2:$H$5000,Allocation!$A$2:$A$5000,$A8)) | E8: =IF($A8="","",SUMIFS(Allocation!$I$2:$I$5000,Allocation!$A$2:$A$5000,$A8)) | F8: =IF($A8="","",SUMIFS(Allocation!$J$2:$J$5000,Allocation!$A$2:$A$5000,$A8)) | G8: =IF($A8="","",SUMIFS(Allocation!$K$2:$K$5000,Allocation!$A$2:$A$5000,$A8)) | H8: =IF($A8="","",SUMIFS(Allocation!$L$2:$L$5000,Allocation!$A$2:$A$5000,$A8)) | I8: =IF($A8="","",SUMIFS(Allocation!$M$2:$M$5000,Allocation!$A$2:$A$5000,$A8)) | J8: =IF($A8="","",SUMIFS(Allocation!$N$2:$N$5000,Allocation!$A$2:$A$5000,$A8)) | K8: =IF($A8="","",SUMIFS(Allocation!$O$2:$O$5000,Allocation!$A$2:$A$5000,$A8)) | L8: =IF($A8="","",SUMIFS(Allocation!$P$2:$P$5000,Allocation!$A$2:$A$5000,$A8)) | M8: =IF($A8="","",SUMIFS(Allocation!$Q$2:$Q$5000,Allocation!$A$2:$A$5000,$A8))
A9: =IF(Resources!A9="","",Resources!A9) | B9: =IF($A9="","",SUMIFS(Allocation!$F$2:$F$5000,Allocation!$A$2:$A$5000,$A9)) | C9: =IF($A9="","",SUMIFS(Allocation!$G$2:$G$5000,Allocation!$A$2:$A$5000,$A9)) | D9: =IF($A9="","",SUMIFS(Allocation!$H$2:$H$5000,Allocation!$A$2:$A$5000,$A9)) | E9: =IF($A9="","",SUMIFS(Allocation!$I$2:$I$5000,Allocation!$A$2:$A$5000,$A9)) | F9: =IF($A9="","",SUMIFS(Allocation!$J$2:$J$5000,Allocation!$A$2:$A$5000,$A9)) | G9: =IF($A9="","",SUMIFS(Allocation!$K$2:$K$5000,Allocation!$A$2:$A$5000,$A9)) | H9: =IF($A9="","",SUMIFS(Allocation!$L$2:$L$5000,Allocation!$A$2:$A$5000,$A9)) | I9: =IF($A9="","",SUMIFS(Allocation!$M$2:$M$5000,Allocation!$A$2:$A$5000,$A9)) | J9: =IF($A9="","",SUMIFS(Allocation!$N$2:$N$5000,Allocation!$A$2:$A$5000,$A9)) | K9: =IF($A9="","",SUMIFS(Allocation!$O$2:$O$5000,Allocation!$A$2:$A$5000,$A9)) | L9: =IF($A9="","",SUMIFS(Allocation!$P$2:$P$5000,Allocation!$A$2:$A$5000,$A9)) | M9: =IF($A9="","",SUMIFS(Allocation!$Q$2:$Q$5000,Allocation!$A$2:$A$5000,$A9))
A10: =IF(Resources!A10="","",Resources!A10) | B10: =IF($A10="","",SUMIFS(Allocation!$F$2:$F$5000,Allocation!$A$2:$A$5000,$A10)) | C10: =IF($A10="","",SUMIFS(Allocation!$G$2:$G$5000,Allocation!$A$2:$A$5000,$A10)) | D10: =IF($A10="","",SUMIFS(Allocation!$H$2:$H$5000,Allocation!$A$2:$A$5000,$A10)) | E10: =IF($A10="","",SUMIFS(Allocation!$I$2:$I$5000,Allocation!$A$2:$A$5000,$A10)) | F10: =IF($A10="","",SUMIFS(Allocation!$J$2:$J$5000,Allocation!$A$2:$A$5000,$A10)) | G10: =IF($A10="","",SUMIFS(Allocation!$K$2:$K$5000,Allocation!$A$2:$A$5000,$A10)) | H10: =IF($A10="","",SUMIFS(Allocation!$L$2:$L$5000,Allocation!$A$2:$A$5000,$A10)) | I10: =IF($A10="","",SUMIFS(Allocation!$M$2:$M$5000,Allocation!$A$2:$A$5000,$A10)) | J10: =IF($A10="","",SUMIFS(Allocation!$N$2:$N$5000,Allocation!$A$2:$A$5000,$A10)) | K10: =IF($A10="","",SUMIFS(Allocation!$O$2:$O$5000,Allocation!$A$2:$A$5000,$A10)) | L10: =IF($A10="","",SUMIFS(Allocation!$P$2:$P$5000,Allocation!$A$2:$A$5000,$A10)) | M10: =IF($A10="","",SUMIFS(Allocation!$Q$2:$Q$5000,Allocation!$A$2:$A$5000,$A10))
A11: =IF(Resources!A11="","",Resources!A11) | B11: =IF($A11="","",SUMIFS(Allocation!$F$2:$F$5000,Allocation!$A$2:$A$5000,$A11)) | C11: =IF($A11="","",SUMIFS(Allocation!$G$2:$G$5000,Allocation!$A$2:$A$5000,$A11)) | D11: =IF($A11="","",SUMIFS(Allocation!$H$2:$H$5000,Allocation!$A$2:$A$5000,$A11)) | E11: =IF($A11="","",SUMIFS(Allocation!$I$2:$I$5000,Allocation!$A$2:$A$5000,$A11)) | F11: =IF($A11="","",SUMIFS(Allocation!$J$2:$J$5000,Allocation!$A$2:$A$5000,$A11)) | G11: =IF($A11="","",SUMIFS(Allocation!$K$2:$K$5000,Allocation!$A$2:$A$5000,$A11)) | H11: =IF($A11="","",SUMIFS(Allocation!$L$2:$L$5000,Allocation!$A$2:$A$5000,$A11)) | I11: =IF($A11="","",SUMIFS(Allocation!$M$2:$M$5000,Allocation!$A$2:$A$5000,$A11)) | J11: =IF($A11="","",SUMIFS(Allocation!$N$2:$N$5000,Allocation!$A$2:$A$5000,$A11)) | K11: =IF($A11="","",SUMIFS(Allocation!$O$2:$O$5000,Allocation!$A$2:$A$5000,$A11)) | L11: =IF($A11="","",SUMIFS(Allocation!$P$2:$P$5000,Allocation!$A$2:$A$5000,$A11)) | M11: =IF($A11="","",SUMIFS(Allocation!$Q$2:$Q$5000,Allocation!$A$2:$A$5000,$A11))
A12: =IF(Resources!A12="","",Resources!A12) | B12: =IF($A12="","",SUMIFS(Allocation!$F$2:$F$5000,Allocation!$A$2:$A$5000,$A12)) | C12: =IF($A12="","",SUMIFS(Allocation!$G$2:$G$5000,Allocation!$A$2:$A$5000,$A12)) | D12: =IF($A12="","",SUMIFS(Allocation!$H$2:$H$5000,Allocation!$A$2:$A$5000,$A12)) | E12: =IF($A12="","",SUMIFS(Allocation!$I$2:$I$5000,Allocation!$A$2:$A$5000,$A12)) | F12: =IF($A12="","",SUMIFS(Allocation!$J$2:$J$5000,Allocation!$A$2:$A$5000,$A12)) | G12: =IF($A12="","",SUMIFS(Allocation!$K$2:$K$5000,Allocation!$A$2:$A$5000,$A12)) | H12: =IF($A12="","",SUMIFS(Allocation!$L$2:$L$5000,Allocation!$A$2:$A$5000,$A12)) | I12: =IF($A12="","",SUMIFS(Allocation!$M$2:$M$5000,Allocation!$A$2:$A$5000,$A12)) | J12: =IF($A12="","",SUMIFS(Allocation!$N$2:$N$5000,Allocation!$A$2:$A$5000,$A12)) | K12: =IF($A12="","",SUMIFS(Allocation!$O$2:$O$5000,Allocation!$A$2:$A$5000,$A12)) | L12: =IF($A12="","",SUMIFS(Allocation!$P$2:$P$5000,Allocation!$A$2:$A$5000,$A12)) | M12: =IF($A12="","",SUMIFS(Allocation!$Q$2:$Q$5000,Allocation!$A$2:$A$5000,$A12))
A13: =IF(Resources!A13="","",Resources!A13) | B13: =IF($A13="","",SUMIFS(Allocation!$F$2:$F$5000,Allocation!$A$2:$A$5000,$A13)) | C13: =IF($A13="","",SUMIFS(Allocation!$G$2:$G$5000,Allocation!$A$2:$A$5000,$A13)) | D13: =IF($A13="","",SUMIFS(Allocation!$H$2:$H$5000,Allocation!$A$2:$A$5000,$A13)) | E13: =IF($A13="","",SUMIFS(Allocation!$I$2:$I$5000,Allocation!$A$2:$A$5000,$A13)) | F13: =IF($A13="","",SUMIFS(Allocation!$J$2:$J$5000,Allocation!$A$2:$A$5000,$A13)) | G13: =IF($A13="","",SUMIFS(Allocation!$K$2:$K$5000,Allocation!$A$2:$A$5000,$A13)) | H13: =IF($A13="","",SUMIFS(Allocation!$L$2:$L$5000,Allocation!$A$2:$A$5000,$A13)) | I13: =IF($A13="","",SUMIFS(Allocation!$M$2:$M$5000,Allocation!$A$2:$A$5000,$A13)) | J13: =IF($A13="","",SUMIFS(Allocation!$N$2:$N$5000,Allocation!$A$2:$A$5000,$A13)) | K13: =IF($A13="","",SUMIFS(Allocation!$O$2:$O$5000,Allocation!$A$2:$A$5000,$A13)) | L13: =IF($A13="","",SUMIFS(Allocation!$P$2:$P$5000,Allocation!$A$2:$A$5000,$A13)) | M13: =IF($A13="","",SUMIFS(Allocation!$Q$2:$Q$5000,Allocation!$A$2:$A$5000,$A13))
... A200: =IF(Resources!A200="","",Resources!A200) | B200: =IF($A200="","",SUMIFS(Allocation!$F$2:$F$5000,Allocation!$A$2:$A$5000,$A200)) | C200: =IF($A200="","",SUMIFS(Allocation!$G$2:$G$5000,Allocation!$A$2:$A$5000,$A200)) | D200: =IF($A200="","",SUMIFS(Allocation!$H$2:$H$5000,Allocation!$A$2:$A$5000,$A200)) | E200: =IF($A200="","",SUMIFS(Allocation!$I$2:$I$5000,Allocation!$A$2:$A$5000,$A200)) | F200: =IF($A200="","",SUMIFS(Allocation!$J$2:$J$5000,Allocation!$A$2:$A$5000,$A200)) | G200: =IF($A200="","",SUMIFS(Allocation!$K$2:$K$5000,Allocation!$A$2:$A$5000,$A200)) | H200: =IF($A200="","",SUMIFS(Allocation!$L$2:$L$5000,Allocation!$A$2:$A$5000,$A200)) | I200: =IF($A200="","",SUMIFS(Allocation!$M$2:$M$5000,Allocation!$A$2:$A$5000,$A200)) | J200: =IF($A200="","",SUMIFS(Allocation!$N$2:$N$5000,Allocation!$A$2:$A$5000,$A200)) | K200: =IF($A200="","",SUMIFS(Allocation!$O$2:$O$5000,Allocation!$A$2:$A$5000,$A200)) | L200: =IF($A200="","",SUMIFS(Allocation!$P$2:$P$5000,Allocation!$A$2:$A$5000,$A200)) | M200: =IF($A200="","",SUMIFS(Allocation!$Q$2:$Q$5000,Allocation!$A$2:$A$5000,$A200))

Sheet Category Monthly View
A1: Category | B1: Jan-2026 | C1: Feb-2026 | D1: Mar-2026 | E1: Apr-2026 | F1: May-2026 | G1: Jun-2026 | H1: Jul-2026 | I1: Aug-2026 | J1: Sep-2026 | K1: Oct-2026 | L1: Nov-2026 | M1: Dec-2026
A2: =IF(Allocation!B2="","",Allocation!B2) | B2: =IF($A2="","",SUMIFS(Allocation!$F$2:$F$5000,Allocation!$B$2:$B$5000,$A2)) | C2: =IF($A2="","",SUMIFS(Allocation!$G$2:$G$5000,Allocation!$B$2:$B$5000,$A2)) | D2: =IF($A2="","",SUMIFS(Allocation!$H$2:$H$5000,Allocation!$B$2:$B$5000,$A2)) | E2: =IF($A2="","",SUMIFS(Allocation!$I$2:$I$5000,Allocation!$B$2:$B$5000,$A2)) | F2: =IF($A2="","",SUMIFS(Allocation!$J$2:$J$5000,Allocation!$B$2:$B$5000,$A2)) | G2: =IF($A2="","",SUMIFS(Allocation!$K$2:$K$5000,Allocation!$B$2:$B$5000,$A2)) | H2: =IF($A2="","",SUMIFS(Allocation!$L$2:$L$5000,Allocation!$B$2:$B$5000,$A2)) | I2: =IF($A2="","",SUMIFS(Allocation!$M$2:$M$5000,Allocation!$B$2:$B$5000,$A2)) | J2: =IF($A2="","",SUMIFS(Allocation!$N$2:$N$5000,Allocation!$B$2:$B$5000,$A2)) | K2: =IF($A2="","",SUMIFS(Allocation!$O$2:$O$5000,Allocation!$B$2:$B$5000,$A2)) | L2: =IF($A2="","",SUMIFS(Allocation!$P$2:$P$5000,Allocation!$B$2:$B$5000,$A2)) | M2: =IF($A2="","",SUMIFS(Allocation!$Q$2:$Q$5000,Allocation!$B$2:$B$5000,$A2))
A3: =IF(Allocation!B3="","",Allocation!B3) | B3: =IF($A3="","",SUMIFS(Allocation!$F$2:$F$5000,Allocation!$B$2:$B$5000,$A3)) | C3: =IF($A3="","",SUMIFS(Allocation!$G$2:$G$5000,Allocation!$B$2:$B$5000,$A3)) | D3: =IF($A3="","",SUMIFS(Allocation!$H$2:$H$5000,Allocation!$B$2:$B$5000,$A3)) | E3: =IF($A3="","",SUMIFS(Allocation!$I$2:$I$5000,Allocation!$B$2:$B$5000,$A3)) | F3: =IF($A3="","",SUMIFS(Allocation!$J$2:$J$5000,Allocation!$B$2:$B$5000,$A3)) | G3: =IF($A3="","",SUMIFS(Allocation!$K$2:$K$5000,Allocation!$B$2:$B$5000,$A3)) | H3: =IF($A3="","",SUMIFS(Allocation!$L$2:$L$5000,Allocation!$B$2:$B$5000,$A3)) | I3: =IF($A3="","",SUMIFS(Allocation!$M$2:$M$5000,Allocation!$B$2:$B$5000,$A3)) | J3: =IF($A3="","",SUMIFS(Allocation!$N$2:$N$5000,Allocation!$B$2:$B$5000,$A3)) | K3: =IF($A3="","",SUMIFS(Allocation!$O$2:$O$5000,Allocation!$B$2:$B$5000,$A3)) | L3: =IF($A3="","",SUMIFS(Allocation!$P$2:$P$5000,Allocation!$B$2:$B$5000,$A3)) | M3: =IF($A3="","",SUMIFS(Allocation!$Q$2:$Q$5000,Allocation!$B$2:$B$5000,$A3))
A4: =IF(Allocation!B4="","",Allocation!B4) | B4: =IF($A4="","",SUMIFS(Allocation!$F$2:$F$5000,Allocation!$B$2:$B$5000,$A4)) | C4: =IF($A4="","",SUMIFS(Allocation!$G$2:$G$5000,Allocation!$B$2:$B$5000,$A4)) | D4: =IF($A4="","",SUMIFS(Allocation!$H$2:$H$5000,Allocation!$B$2:$B$5000,$A4)) | E4: =IF($A4="","",SUMIFS(Allocation!$I$2:$I$5000,Allocation!$B$2:$B$5000,$A4)) | F4: =IF($A4="","",SUMIFS(Allocation!$J$2:$J$5000,Allocation!$B$2:$B$5000,$A4)) | G4: =IF($A4="","",SUMIFS(Allocation!$K$2:$K$5000,Allocation!$B$2:$B$5000,$A4)) | H4: =IF($A4="","",SUMIFS(Allocation!$L$2:$L$5000,Allocation!$B$2:$B$5000,$A4)) | I4: =IF($A4="","",SUMIFS(Allocation!$M$2:$M$5000,Allocation!$B$2:$B$5000,$A4)) | J4: =IF($A4="","",SUMIFS(Allocation!$N$2:$N$5000,Allocation!$B$2:$B$5000,$A4)) | K4: =IF($A4="","",SUMIFS(Allocation!$O$2:$O$5000,Allocation!$B$2:$B$5000,$A4)) | L4: =IF($A4="","",SUMIFS(Allocation!$P$2:$P$5000,Allocation!$B$2:$B$5000,$A4)) | M4: =IF($A4="","",SUMIFS(Allocation!$Q$2:$Q$5000,Allocation!$B$2:$B$5000,$A4))
A5: =IF(Allocation!B5="","",Allocation!B5) | B5: =IF($A5="","",SUMIFS(Allocation!$F$2:$F$5000,Allocation!$B$2:$B$5000,$A5)) | C5: =IF($A5="","",SUMIFS(Allocation!$G$2:$G$5000,Allocation!$B$2:$B$5000,$A5)) | D5: =IF($A5="","",SUMIFS(Allocation!$H$2:$H$5000,Allocation!$B$2:$B$5000,$A5)) | E5: =IF($A5="","",SUMIFS(Allocation!$I$2:$I$5000,Allocation!$B$2:$B$5000,$A5)) | F5: =IF($A5="","",SUMIFS(Allocation!$J$2:$J$5000,Allocation!$B$2:$B$5000,$A5)) | G5: =IF($A5="","",SUMIFS(Allocation!$K$2:$K$5000,Allocation!$B$2:$B$5000,$A5)) | H5: =IF($A5="","",SUMIFS(Allocation!$L$2:$L$5000,Allocation!$B$2:$B$5000,$A5)) | I5: =IF($A5="","",SUMIFS(Allocation!$M$2:$M$5000,Allocation!$B$2:$B$5000,$A5)) | J5: =IF($A5="","",SUMIFS(Allocation!$N$2:$N$5000,Allocation!$B$2:$B$5000,$A5)) | K5: =IF($A5="","",SUMIFS(Allocation!$O$2:$O$5000,Allocation!$B$2:$B$5000,$A5)) | L5: =IF($A5="","",SUMIFS(Allocation!$P$2:$P$5000,Allocation!$B$2:$B$5000,$A5)) | M5: =IF($A5="","",SUMIFS(Allocation!$Q$2:$Q$5000,Allocation!$B$2:$B$5000,$A5))
A6: =IF(Allocation!B6="","",Allocation!B6) | B6: =IF($A6="","",SUMIFS(Allocation!$F$2:$F$5000,Allocation!$B$2:$B$5000,$A6)) | C6: =IF($A6="","",SUMIFS(Allocation!$G$2:$G$5000,Allocation!$B$2:$B$5000,$A6)) | D6: =IF($A6="","",SUMIFS(Allocation!$H$2:$H$5000,Allocation!$B$2:$B$5000,$A6)) | E6: =IF($A6="","",SUMIFS(Allocation!$I$2:$I$5000,Allocation!$B$2:$B$5000,$A6)) | F6: =IF($A6="","",SUMIFS(Allocation!$J$2:$J$5000,Allocation!$B$2:$B$5000,$A6)) | G6: =IF($A6="","",SUMIFS(Allocation!$K$2:$K$5000,Allocation!$B$2:$B$5000,$A6)) | H6: =IF($A6="","",SUMIFS(Allocation!$L$2:$L$5000,Allocation!$B$2:$B$5000,$A6)) | I6: =IF($A6="","",SUMIFS(Allocation!$M$2:$M$5000,Allocation!$B$2:$B$5000,$A6)) | J6: =IF($A6="","",SUMIFS(Allocation!$N$2:$N$5000,Allocation!$B$2:$B$5000,$A6)) | K6: =IF($A6="","",SUMIFS(Allocation!$O$2:$O$5000,Allocation!$B$2:$B$5000,$A6)) | L6: =IF($A6="","",SUMIFS(Allocation!$P$2:$P$5000,Allocation!$B$2:$B$5000,$A6)) | M6: =IF($A6="","",SUMIFS(Allocation!$Q$2:$Q$5000,Allocation!$B$2:$B$5000,$A6))
A7: =IF(Allocation!B7="","",Allocation!B7) | B7: =IF($A7="","",SUMIFS(Allocation!$F$2:$F$5000,Allocation!$B$2:$B$5000,$A7)) | C7: =IF($A7="","",SUMIFS(Allocation!$G$2:$G$5000,Allocation!$B$2:$B$5000,$A7)) | D7: =IF($A7="","",SUMIFS(Allocation!$H$2:$H$5000,Allocation!$B$2:$B$5000,$A7)) | E7: =IF($A7="","",SUMIFS(Allocation!$I$2:$I$5000,Allocation!$B$2:$B$5000,$A7)) | F7: =IF($A7="","",SUMIFS(Allocation!$J$2:$J$5000,Allocation!$B$2:$B$5000,$A7)) | G7: =IF($A7="","",SUMIFS(Allocation!$K$2:$K$5000,Allocation!$B$2:$B$5000,$A7)) | H7: =IF($A7="","",SUMIFS(Allocation!$L$2:$L$5000,Allocation!$B$2:$B$5000,$A7)) | I7: =IF($A7="","",SUMIFS(Allocation!$M$2:$M$5000,Allocation!$B$2:$B$5000,$A7)) | J7: =IF($A7="","",SUMIFS(Allocation!$N$2:$N$5000,Allocation!$B$2:$B$5000,$A7)) | K7: =IF($A7="","",SUMIFS(Allocation!$O$2:$O$5000,Allocation!$B$2:$B$5000,$A7)) | L7: =IF($A7="","",SUMIFS(Allocation!$P$2:$P$5000,Allocation!$B$2:$B$5000,$A7)) | M7: =IF($A7="","",SUMIFS(Allocation!$Q$2:$Q$5000,Allocation!$B$2:$B$5000,$A7))
A8: =IF(Allocation!B8="","",Allocation!B8) | B8: =IF($A8="","",SUMIFS(Allocation!$F$2:$F$5000,Allocation!$B$2:$B$5000,$A8)) | C8: =IF($A8="","",SUMIFS(Allocation!$G$2:$G$5000,Allocation!$B$2:$B$5000,$A8)) | D8: =IF($A8="","",SUMIFS(Allocation!$H$2:$H$5000,Allocation!$B$2:$B$5000,$A8)) | E8: =IF($A8="","",SUMIFS(Allocation!$I$2:$I$5000,Allocation!$B$2:$B$5000,$A8)) | F8: =IF($A8="","",SUMIFS(Allocation!$J$2:$J$5000,Allocation!$B$2:$B$5000,$A8)) | G8: =IF($A8="","",SUMIFS(Allocation!$K$2:$K$5000,Allocation!$B$2:$B$5000,$A8)) | H8: =IF($A8="","",SUMIFS(Allocation!$L$2:$L$5000,Allocation!$B$2:$B$5000,$A8)) | I8: =IF($A8="","",SUMIFS(Allocation!$M$2:$M$5000,Allocation!$B$2:$B$5000,$A8)) | J8: =IF($A8="","",SUMIFS(Allocation!$N$2:$N$5000,Allocation!$B$2:$B$5000,$A8)) | K8: =IF($A8="","",SUMIFS(Allocation!$O$2:$O$5000,Allocation!$B$2:$B$5000,$A8)) | L8: =IF($A8="","",SUMIFS(Allocation!$P$2:$P$5000,Allocation!$B$2:$B$5000,$A8)) | M8: =IF($A8="","",SUMIFS(Allocation!$Q$2:$Q$5000,Allocation!$B$2:$B$5000,$A8))
A9: =IF(Allocation!B9="","",Allocation!B9) | B9: =IF($A9="","",SUMIFS(Allocation!$F$2:$F$5000,Allocation!$B$2:$B$5000,$A9)) | C9: =IF($A9="","",SUMIFS(Allocation!$G$2:$G$5000,Allocation!$B$2:$B$5000,$A9)) | D9: =IF($A9="","",SUMIFS(Allocation!$H$2:$H$5000,Allocation!$B$2:$B$5000,$A9)) | E9: =IF($A9="","",SUMIFS(Allocation!$I$2:$I$5000,Allocation!$B$2:$B$5000,$A9)) | F9: =IF($A9="","",SUMIFS(Allocation!$J$2:$J$5000,Allocation!$B$2:$B$5000,$A9)) | G9: =IF($A9="","",SUMIFS(Allocation!$K$2:$K$5000,Allocation!$B$2:$B$5000,$A9)) | H9: =IF($A9="","",SUMIFS(Allocation!$L$2:$L$5000,Allocation!$B$2:$B$5000,$A9)) | I9: =IF($A9="","",SUMIFS(Allocation!$M$2:$M$5000,Allocation!$B$2:$B$5000,$A9)) | J9: =IF($A9="","",SUMIFS(Allocation!$N$2:$N$5000,Allocation!$B$2:$B$5000,$A9)) | K9: =IF($A9="","",SUMIFS(Allocation!$O$2:$O$5000,Allocation!$B$2:$B$5000,$A9)) | L9: =IF($A9="","",SUMIFS(Allocation!$P$2:$P$5000,Allocation!$B$2:$B$5000,$A9)) | M9: =IF($A9="","",SUMIFS(Allocation!$Q$2:$Q$5000,Allocation!$B$2:$B$5000,$A9))
A10: =IF(Allocation!B10="","",Allocation!B10) | B10: =IF($A10="","",SUMIFS(Allocation!$F$2:$F$5000,Allocation!$B$2:$B$5000,$A10)) | C10: =IF($A10="","",SUMIFS(Allocation!$G$2:$G$5000,Allocation!$B$2:$B$5000,$A10)) | D10: =IF($A10="","",SUMIFS(Allocation!$H$2:$H$5000,Allocation!$B$2:$B$5000,$A10)) | E10: =IF($A10="","",SUMIFS(Allocation!$I$2:$I$5000,Allocation!$B$2:$B$5000,$A10)) | F10: =IF($A10="","",SUMIFS(Allocation!$J$2:$J$5000,Allocation!$B$2:$B$5000,$A10)) | G10: =IF($A10="","",SUMIFS(Allocation!$K$2:$K$5000,Allocation!$B$2:$B$5000,$A10)) | H10: =IF($A10="","",SUMIFS(Allocation!$L$2:$L$5000,Allocation!$B$2:$B$5000,$A10)) | I10: =IF($A10="","",SUMIFS(Allocation!$M$2:$M$5000,Allocation!$B$2:$B$5000,$A10)) | J10: =IF($A10="","",SUMIFS(Allocation!$N$2:$N$5000,Allocation!$B$2:$B$5000,$A10)) | K10: =IF($A10="","",SUMIFS(Allocation!$O$2:$O$5000,Allocation!$B$2:$B$5000,$A10)) | L10: =IF($A10="","",SUMIFS(Allocation!$P$2:$P$5000,Allocation!$B$2:$B$5000,$A10)) | M10: =IF($A10="","",SUMIFS(Allocation!$Q$2:$Q$5000,Allocation!$B$2:$B$5000,$A10))
A11: =IF(Allocation!B11="","",Allocation!B11) | B11: =IF($A11="","",SUMIFS(Allocation!$F$2:$F$5000,Allocation!$B$2:$B$5000,$A11)) | C11: =IF($A11="","",SUMIFS(Allocation!$G$2:$G$5000,Allocation!$B$2:$B$5000,$A11)) | D11: =IF($A11="","",SUMIFS(Allocation!$H$2:$H$5000,Allocation!$B$2:$B$5000,$A11)) | E11: =IF($A11="","",SUMIFS(Allocation!$I$2:$I$5000,Allocation!$B$2:$B$5000,$A11)) | F11: =IF($A11="","",SUMIFS(Allocation!$J$2:$J$5000,Allocation!$B$2:$B$5000,$A11)) | G11: =IF($A11="","",SUMIFS(Allocation!$K$2:$K$5000,Allocation!$B$2:$B$5000,$A11)) | H11: =IF($A11="","",SUMIFS(Allocation!$L$2:$L$5000,Allocation!$B$2:$B$5000,$A11)) | I11: =IF($A11="","",SUMIFS(Allocation!$M$2:$M$5000,Allocation!$B$2:$B$5000,$A11)) | J11: =IF($A11="","",SUMIFS(Allocation!$N$2:$N$5000,Allocation!$B$2:$B$5000,$A11)) | K11: =IF($A11="","",SUMIFS(Allocation!$O$2:$O$5000,Allocation!$B$2:$B$5000,$A11)) | L11: =IF($A11="","",SUMIFS(Allocation!$P$2:$P$5000,Allocation!$B$2:$B$5000,$A11)) | M11: =IF($A11="","",SUMIFS(Allocation!$Q$2:$Q$5000,Allocation!$B$2:$B$5000,$A11))
A12: =IF(Allocation!B12="","",Allocation!B12) | B12: =IF($A12="","",SUMIFS(Allocation!$F$2:$F$5000,Allocation!$B$2:$B$5000,$A12)) | C12: =IF($A12="","",SUMIFS(Allocation!$G$2:$G$5000,Allocation!$B$2:$B$5000,$A12)) | D12: =IF($A12="","",SUMIFS(Allocation!$H$2:$H$5000,Allocation!$B$2:$B$5000,$A12)) | E12: =IF($A12="","",SUMIFS(Allocation!$I$2:$I$5000,Allocation!$B$2:$B$5000,$A12)) | F12: =IF($A12="","",SUMIFS(Allocation!$J$2:$J$5000,Allocation!$B$2:$B$5000,$A12)) | G12: =IF($A12="","",SUMIFS(Allocation!$K$2:$K$5000,Allocation!$B$2:$B$5000,$A12)) | H12: =IF($A12="","",SUMIFS(Allocation!$L$2:$L$5000,Allocation!$B$2:$B$5000,$A12)) | I12: =IF($A12="","",SUMIFS(Allocation!$M$2:$M$5000,Allocation!$B$2:$B$5000,$A12)) | J12: =IF($A12="","",SUMIFS(Allocation!$N$2:$N$5000,Allocation!$B$2:$B$5000,$A12)) | K12: =IF($A12="","",SUMIFS(Allocation!$O$2:$O$5000,Allocation!$B$2:$B$5000,$A12)) | L12: =IF($A12="","",SUMIFS(Allocation!$P$2:$P$5000,Allocation!$B$2:$B$5000,$A12)) | M12: =IF($A12="","",SUMIFS(Allocation!$Q$2:$Q$5000,Allocation!$B$2:$B$5000,$A12))
A13: =IF(Allocation!B13="","",Allocation!B13) | B13: =IF($A13="","",SUMIFS(Allocation!$F$2:$F$5000,Allocation!$B$2:$B$5000,$A13)) | C13: =IF($A13="","",SUMIFS(Allocation!$G$2:$G$5000,Allocation!$B$2:$B$5000,$A13)) | D13: =IF($A13="","",SUMIFS(Allocation!$H$2:$H$5000,Allocation!$B$2:$B$5000,$A13)) | E13: =IF($A13="","",SUMIFS(Allocation!$I$2:$I$5000,Allocation!$B$2:$B$5000,$A13)) | F13: =IF($A13="","",SUMIFS(Allocation!$J$2:$J$5000,Allocation!$B$2:$B$5000,$A13)) | G13: =IF($A13="","",SUMIFS(Allocation!$K$2:$K$5000,Allocation!$B$2:$B$5000,$A13)) | H13: =IF($A13="","",SUMIFS(Allocation!$L$2:$L$5000,Allocation!$B$2:$B$5000,$A13)) | I13: =IF($A13="","",SUMIFS(Allocation!$M$2:$M$5000,Allocation!$B$2:$B$5000,$A13)) | J13: =IF($A13="","",SUMIFS(Allocation!$N$2:$N$5000,Allocation!$B$2:$B$5000,$A13)) | K13: =IF($A13="","",SUMIFS(Allocation!$O$2:$O$5000,Allocation!$B$2:$B$5000,$A13)) | L13: =IF($A13="","",SUMIFS(Allocation!$P$2:$P$5000,Allocation!$B$2:$B$5000,$A13)) | M13: =IF($A13="","",SUMIFS(Allocation!$Q$2:$Q$5000,Allocation!$B$2:$B$5000,$A13))
... A200: =IF(Allocation!B200="","",Allocation!B200) | B200: =IF($A200="","",SUMIFS(Allocation!$F$2:$F$5000,Allocation!$B$2:$B$5000,$A200)) | C200: =IF($A200="","",SUMIFS(Allocation!$G$2:$G$5000,Allocation!$B$2:$B$5000,$A200)) | D200: =IF($A200="","",SUMIFS(Allocation!$H$2:$H$5000,Allocation!$B$2:$B$5000,$A200)) | E200: =IF($A200="","",SUMIFS(Allocation!$I$2:$I$5000,Allocation!$B$2:$B$5000,$A200)) | F200: =IF($A200="","",SUMIFS(Allocation!$J$2:$J$5000,Allocation!$B$2:$B$5000,$A200)) | G200: =IF($A200="","",SUMIFS(Allocation!$K$2:$K$5000,Allocation!$B$2:$B$5000,$A200)) | H200: =IF($A200="","",SUMIFS(Allocation!$L$2:$L$5000,Allocation!$B$2:$B$5000,$A200)) | I200: =IF($A200="","",SUMIFS(Allocation!$M$2:$M$5000,Allocation!$B$2:$B$5000,$A200)) | J200: =IF($A200="","",SUMIFS(Allocation!$N$2:$N$5000,Allocation!$B$2:$B$5000,$A200)) | K200: =IF($A200="","",SUMIFS(Allocation!$O$2:$O$5000,Allocation!$B$2:$B$5000,$A200)) | L200: =IF($A200="","",SUMIFS(Allocation!$P$2:$P$5000,Allocation!$B$2:$B$5000,$A200)) | M200: =IF($A200="","",SUMIFS(Allocation!$Q$2:$Q$5000,Allocation!$B$2:$B$5000,$A200))

Sheet Initiative Monthly View
A1: Initiative | B1: Jan-2026 | C1: Feb-2026 | D1: Mar-2026 | E1: Apr-2026 | F1: May-2026 | G1: Jun-2026 | H1: Jul-2026 | I1: Aug-2026 | J1: Sep-2026 | K1: Oct-2026 | L1: Nov-2026 | M1: Dec-2026
A2: =IF(Allocation!C2="","",Allocation!C2) | B2: =IF($A2="","",SUMIFS(Allocation!$F$2:$F$5000,Allocation!$C$2:$C$5000,$A2)) | C2: =IF($A2="","",SUMIFS(Allocation!$G$2:$G$5000,Allocation!$C$2:$C$5000,$A2)) | D2: =IF($A2="","",SUMIFS(Allocation!$H$2:$H$5000,Allocation!$C$2:$C$5000,$A2)) | E2: =IF($A2="","",SUMIFS(Allocation!$I$2:$I$5000,Allocation!$C$2:$C$5000,$A2)) | F2: =IF($A2="","",SUMIFS(Allocation!$J$2:$J$5000,Allocation!$C$2:$C$5000,$A2)) | G2: =IF($A2="","",SUMIFS(Allocation!$K$2:$K$5000,Allocation!$C$2:$C$5000,$A2)) | H2: =IF($A2="","",SUMIFS(Allocation!$L$2:$L$5000,Allocation!$C$2:$C$5000,$A2)) | I2: =IF($A2="","",SUMIFS(Allocation!$M$2:$M$5000,Allocation!$C$2:$C$5000,$A2)) | J2: =IF($A2="","",SUMIFS(Allocation!$N$2:$N$5000,Allocation!$C$2:$C$5000,$A2)) | K2: =IF($A2="","",SUMIFS(Allocation!$O$2:$O$5000,Allocation!$C$2:$C$5000,$A2)) | L2: =IF($A2="","",SUMIFS(Allocation!$P$2:$P$5000,Allocation!$C$2:$C$5000,$A2)) | M2: =IF($A2="","",SUMIFS(Allocation!$Q$2:$Q$5000,Allocation!$C$2:$C$5000,$A2))
A3: =IF(Allocation!C3="","",Allocation!C3) | B3: =IF($A3="","",SUMIFS(Allocation!$F$2:$F$5000,Allocation!$C$2:$C$5000,$A3)) | C3: =IF($A3="","",SUMIFS(Allocation!$G$2:$G$5000,Allocation!$C$2:$C$5000,$A3)) | D3: =IF($A3="","",SUMIFS(Allocation!$H$2:$H$5000,Allocation!$C$2:$C$5000,$A3)) | E3: =IF($A3="","",SUMIFS(Allocation!$I$2:$I$5000,Allocation!$C$2:$C$5000,$A3)) | F3: =IF($A3="","",SUMIFS(Allocation!$J$2:$J$5000,Allocation!$C$2:$C$5000,$A3)) | G3: =IF($A3="","",SUMIFS(Allocation!$K$2:$K$5000,Allocation!$C$2:$C$5000,$A3)) | H3: =IF($A3="","",SUMIFS(Allocation!$L$2:$L$5000,Allocation!$C$2:$C$5000,$A3)) | I3: =IF($A3="","",SUMIFS(Allocation!$M$2:$M$5000,Allocation!$C$2:$C$5000,$A3)) | J3: =IF($A3="","",SUMIFS(Allocation!$N$2:$N$5000,Allocation!$C$2:$C$5000,$A3)) | K3: =IF($A3="","",SUMIFS(Allocation!$O$2:$O$5000,Allocation!$C$2:$C$5000,$A3)) | L3: =IF($A3="","",SUMIFS(Allocation!$P$2:$P$5000,Allocation!$C$2:$C$5000,$A3)) | M3: =IF($A3="","",SUMIFS(Allocation!$Q$2:$Q$5000,Allocation!$C$2:$C$5000,$A3))
A4: =IF(Allocation!C4="","",Allocation!C4) | B4: =IF($A4="","",SUMIFS(Allocation!$F$2:$F$5000,Allocation!$C$2:$C$5000,$A4)) | C4: =IF($A4="","",SUMIFS(Allocation!$G$2:$G$5000,Allocation!$C$2:$C$5000,$A4)) | D4: =IF($A4="","",SUMIFS(Allocation!$H$2:$H$5000,Allocation!$C$2:$C$5000,$A4)) | E4: =IF($A4="","",SUMIFS(Allocation!$I$2:$I$5000,Allocation!$C$2:$C$5000,$A4)) | F4: =IF($A4="","",SUMIFS(Allocation!$J$2:$J$5000,Allocation!$C$2:$C$5000,$A4)) | G4: =IF($A4="","",SUMIFS(Allocation!$K$2:$K$5000,Allocation!$C$2:$C$5000,$A4)) | H4: =IF($A4="","",SUMIFS(Allocation!$L$2:$L$5000,Allocation!$C$2:$C$5000,$A4)) | I4: =IF($A4="","",SUMIFS(Allocation!$M$2:$M$5000,Allocation!$C$2:$C$5000,$A4)) | J4: =IF($A4="","",SUMIFS(Allocation!$N$2:$N$5000,Allocation!$C$2:$C$5000,$A4)) | K4: =IF($A4="","",SUMIFS(Allocation!$O$2:$O$5000,Allocation!$C$2:$C$5000,$A4)) | L4: =IF($A4="","",SUMIFS(Allocation!$P$2:$P$5000,Allocation!$C$2:$C$5000,$A4)) | M4: =IF($A4="","",SUMIFS(Allocation!$Q$2:$Q$5000,Allocation!$C$2:$C$5000,$A4))
A5: =IF(Allocation!C5="","",Allocation!C5) | B5: =IF($A5="","",SUMIFS(Allocation!$F$2:$F$5000,Allocation!$C$2:$C$5000,$A5)) | C5: =IF($A5="","",SUMIFS(Allocation!$G$2:$G$5000,Allocation!$C$2:$C$5000,$A5)) | D5: =IF($A5="","",SUMIFS(Allocation!$H$2:$H$5000,Allocation!$C$2:$C$5000,$A5)) | E5: =IF($A5="","",SUMIFS(Allocation!$I$2:$I$5000,Allocation!$C$2:$C$5000,$A5)) | F5: =IF($A5="","",SUMIFS(Allocation!$J$2:$J$5000,Allocation!$C$2:$C$5000,$A5)) | G5: =IF($A5="","",SUMIFS(Allocation!$K$2:$K$5000,Allocation!$C$2:$C$5000,$A5)) | H5: =IF($A5="","",SUMIFS(Allocation!$L$2:$L$5000,Allocation!$C$2:$C$5000,$A5)) | I5: =IF($A5="","",SUMIFS(Allocation!$M$2:$M$5000,Allocation!$C$2:$C$5000,$A5)) | J5: =IF($A5="","",SUMIFS(Allocation!$N$2:$N$5000,Allocation!$C$2:$C$5000,$A5)) | K5: =IF($A5="","",SUMIFS(Allocation!$O$2:$O$5000,Allocation!$C$2:$C$5000,$A5)) | L5: =IF($A5="","",SUMIFS(Allocation!$P$2:$P$5000,Allocation!$C$2:$C$5000,$A5)) | M5: =IF($A5="","",SUMIFS(Allocation!$Q$2:$Q$5000,Allocation!$C$2:$C$5000,$A5))
A6: =IF(Allocation!C6="","",Allocation!C6) | B6: =IF($A6="","",SUMIFS(Allocation!$F$2:$F$5000,Allocation!$C$2:$C$5000,$A6)) | C6: =IF($A6="","",SUMIFS(Allocation!$G$2:$G$5000,Allocation!$C$2:$C$5000,$A6)) | D6: =IF($A6="","",SUMIFS(Allocation!$H$2:$H$5000,Allocation!$C$2:$C$5000,$A6)) | E6: =IF($A6="","",SUMIFS(Allocation!$I$2:$I$5000,Allocation!$C$2:$C$5000,$A6)) | F6: =IF($A6="","",SUMIFS(Allocation!$J$2:$J$5000,Allocation!$C$2:$C$5000,$A6)) | G6: =IF($A6="","",SUMIFS(Allocation!$K$2:$K$5000,Allocation!$C$2:$C$5000,$A6)) | H6: =IF($A6="","",SUMIFS(Allocation!$L$2:$L$5000,Allocation!$C$2:$C$5000,$A6)) | I6: =IF($A6="","",SUMIFS(Allocation!$M$2:$M$5000,Allocation!$C$2:$C$5000,$A6)) | J6: =IF($A6="","",SUMIFS(Allocation!$N$2:$N$5000,Allocation!$C$2:$C$5000,$A6)) | K6: =IF($A6="","",SUMIFS(Allocation!$O$2:$O$5000,Allocation!$C$2:$C$5000,$A6)) | L6: =IF($A6="","",SUMIFS(Allocation!$P$2:$P$5000,Allocation!$C$2:$C$5000,$A6)) | M6: =IF($A6="","",SUMIFS(Allocation!$Q$2:$Q$5000,Allocation!$C$2:$C$5000,$A6))
A7: =IF(Allocation!C7="","",Allocation!C7) | B7: =IF($A7="","",SUMIFS(Allocation!$F$2:$F$5000,Allocation!$C$2:$C$5000,$A7)) | C7: =IF($A7="","",SUMIFS(Allocation!$G$2:$G$5000,Allocation!$C$2:$C$5000,$A7)) | D7: =IF($A7="","",SUMIFS(Allocation!$H$2:$H$5000,Allocation!$C$2:$C$5000,$A7)) | E7: =IF($A7="","",SUMIFS(Allocation!$I$2:$I$5000,Allocation!$C$2:$C$5000,$A7)) | F7: =IF($A7="","",SUMIFS(Allocation!$J$2:$J$5000,Allocation!$C$2:$C$5000,$A7)) | G7: =IF($A7="","",SUMIFS(Allocation!$K$2:$K$5000,Allocation!$C$2:$C$5000,$A7)) | H7: =IF($A7="","",SUMIFS(Allocation!$L$2:$L$5000,Allocation!$C$2:$C$5000,$A7)) | I7: =IF($A7="","",SUMIFS(Allocation!$M$2:$M$5000,Allocation!$C$2:$C$5000,$A7)) | J7: =IF($A7="","",SUMIFS(Allocation!$N$2:$N$5000,Allocation!$C$2:$C$5000,$A7)) | K7: =IF($A7="","",SUMIFS(Allocation!$O$2:$O$5000,Allocation!$C$2:$C$5000,$A7)) | L7: =IF($A7="","",SUMIFS(Allocation!$P$2:$P$5000,Allocation!$C$2:$C$5000,$A7)) | M7: =IF($A7="","",SUMIFS(Allocation!$Q$2:$Q$5000,Allocation!$C$2:$C$5000,$A7))
A8: =IF(Allocation!C8="","",Allocation!C8) | B8: =IF($A8="","",SUMIFS(Allocation!$F$2:$F$5000,Allocation!$C$2:$C$5000,$A8)) | C8: =IF($A8="","",SUMIFS(Allocation!$G$2:$G$5000,Allocation!$C$2:$C$5000,$A8)) | D8: =IF($A8="","",SUMIFS(Allocation!$H$2:$H$5000,Allocation!$C$2:$C$5000,$A8)) | E8: =IF($A8="","",SUMIFS(Allocation!$I$2:$I$5000,Allocation!$C$2:$C$5000,$A8)) | F8: =IF($A8="","",SUMIFS(Allocation!$J$2:$J$5000,Allocation!$C$2:$C$5000,$A8)) | G8: =IF($A8="","",SUMIFS(Allocation!$K$2:$K$5000,Allocation!$C$2:$C$5000,$A8)) | H8: =IF($A8="","",SUMIFS(Allocation!$L$2:$L$5000,Allocation!$C$2:$C$5000,$A8)) | I8: =IF($A8="","",SUMIFS(Allocation!$M$2:$M$5000,Allocation!$C$2:$C$5000,$A8)) | J8: =IF($A8="","",SUMIFS(Allocation!$N$2:$N$5000,Allocation!$C$2:$C$5000,$A8)) | K8: =IF($A8="","",SUMIFS(Allocation!$O$2:$O$5000,Allocation!$C$2:$C$5000,$A8)) | L8: =IF($A8="","",SUMIFS(Allocation!$P$2:$P$5000,Allocation!$C$2:$C$5000,$A8)) | M8: =IF($A8="","",SUMIFS(Allocation!$Q$2:$Q$5000,Allocation!$C$2:$C$5000,$A8))
A9: =IF(Allocation!C9="","",Allocation!C9) | B9: =IF($A9="","",SUMIFS(Allocation!$F$2:$F$5000,Allocation!$C$2:$C$5000,$A9)) | C9: =IF($A9="","",SUMIFS(Allocation!$G$2:$G$5000,Allocation!$C$2:$C$5000,$A9)) | D9: =IF($A9="","",SUMIFS(Allocation!$H$2:$H$5000,Allocation!$C$2:$C$5000,$A9)) | E9: =IF($A9="","",SUMIFS(Allocation!$I$2:$I$5000,Allocation!$C$2:$C$5000,$A9)) | F9: =IF($A9="","",SUMIFS(Allocation!$J$2:$J$5000,Allocation!$C$2:$C$5000,$A9)) | G9: =IF($A9="","",SUMIFS(Allocation!$K$2:$K$5000,Allocation!$C$2:$C$5000,$A9)) | H9: =IF($A9="","",SUMIFS(Allocation!$L$2:$L$5000,Allocation!$C$2:$C$5000,$A9)) | I9: =IF($A9="","",SUMIFS(Allocation!$M$2:$M$5000,Allocation!$C$2:$C$5000,$A9)) | J9: =IF($A9="","",SUMIFS(Allocation!$N$2:$N$5000,Allocation!$C$2:$C$5000,$A9)) | K9: =IF($A9="","",SUMIFS(Allocation!$O$2:$O$5000,Allocation!$C$2:$C$5000,$A9)) | L9: =IF($A9="","",SUMIFS(Allocation!$P$2:$P$5000,Allocation!$C$2:$C$5000,$A9)) | M9: =IF($A9="","",SUMIFS(Allocation!$Q$2:$Q$5000,Allocation!$C$2:$C$5000,$A9))
A10: =IF(Allocation!C10="","",Allocation!C10) | B10: =IF($A10="","",SUMIFS(Allocation!$F$2:$F$5000,Allocation!$C$2:$C$5000,$A10)) | C10: =IF($A10="","",SUMIFS(Allocation!$G$2:$G$5000,Allocation!$C$2:$C$5000,$A10)) | D10: =IF($A10="","",SUMIFS(Allocation!$H$2:$H$5000,Allocation!$C$2:$C$5000,$A10)) | E10: =IF($A10="","",SUMIFS(Allocation!$I$2:$I$5000,Allocation!$C$2:$C$5000,$A10)) | F10: =IF($A10="","",SUMIFS(Allocation!$J$2:$J$5000,Allocation!$C$2:$C$5000,$A10)) | G10: =IF($A10="","",SUMIFS(Allocation!$K$2:$K$5000,Allocation!$C$2:$C$5000,$A10)) | H10: =IF($A10="","",SUMIFS(Allocation!$L$2:$L$5000,Allocation!$C$2:$C$5000,$A10)) | I10: =IF($A10="","",SUMIFS(Allocation!$M$2:$M$5000,Allocation!$C$2:$C$5000,$A10)) | J10: =IF($A10="","",SUMIFS(Allocation!$N$2:$N$5000,Allocation!$C$2:$C$5000,$A10)) | K10: =IF($A10="","",SUMIFS(Allocation!$O$2:$O$5000,Allocation!$C$2:$C$5000,$A10)) | L10: =IF($A10="","",SUMIFS(Allocation!$P$2:$P$5000,Allocation!$C$2:$C$5000,$A10)) | M10: =IF($A10="","",SUMIFS(Allocation!$Q$2:$Q$5000,Allocation!$C$2:$C$5000,$A10))
A11: =IF(Allocation!C11="","",Allocation!C11) | B11: =IF($A11="","",SUMIFS(Allocation!$F$2:$F$5000,Allocation!$C$2:$C$5000,$A11)) | C11: =IF($A11="","",SUMIFS(Allocation!$G$2:$G$5000,Allocation!$C$2:$C$5000,$A11)) | D11: =IF($A11="","",SUMIFS(Allocation!$H$2:$H$5000,Allocation!$C$2:$C$5000,$A11)) | E11: =IF($A11="","",SUMIFS(Allocation!$I$2:$I$5000,Allocation!$C$2:$C$5000,$A11)) | F11: =IF($A11="","",SUMIFS(Allocation!$J$2:$J$5000,Allocation!$C$2:$C$5000,$A11)) | G11: =IF($A11="","",SUMIFS(Allocation!$K$2:$K$5000,Allocation!$C$2:$C$5000,$A11)) | H11: =IF($A11="","",SUMIFS(Allocation!$L$2:$L$5000,Allocation!$C$2:$C$5000,$A11)) | I11: =IF($A11="","",SUMIFS(Allocation!$M$2:$M$5000,Allocation!$C$2:$C$5000,$A11)) | J11: =IF($A11="","",SUMIFS(Allocation!$N$2:$N$5000,Allocation!$C$2:$C$5000,$A11)) | K11: =IF($A11="","",SUMIFS(Allocation!$O$2:$O$5000,Allocation!$C$2:$C$5000,$A11)) | L11: =IF($A11="","",SUMIFS(Allocation!$P$2:$P$5000,Allocation!$C$2:$C$5000,$A11)) | M11: =IF($A11="","",SUMIFS(Allocation!$Q$2:$Q$5000,Allocation!$C$2:$C$5000,$A11))
A12: =IF(Allocation!C12="","",Allocation!C12) | B12: =IF($A12="","",SUMIFS(Allocation!$F$2:$F$5000,Allocation!$C$2:$C$5000,$A12)) | C12: =IF($A12="","",SUMIFS(Allocation!$G$2:$G$5000,Allocation!$C$2:$C$5000,$A12)) | D12: =IF($A12="","",SUMIFS(Allocation!$H$2:$H$5000,Allocation!$C$2:$C$5000,$A12)) | E12: =IF($A12="","",SUMIFS(Allocation!$I$2:$I$5000,Allocation!$C$2:$C$5000,$A12)) | F12: =IF($A12="","",SUMIFS(Allocation!$J$2:$J$5000,Allocation!$C$2:$C$5000,$A12)) | G12: =IF($A12="","",SUMIFS(Allocation!$K$2:$K$5000,Allocation!$C$2:$C$5000,$A12)) | H12: =IF($A12="","",SUMIFS(Allocation!$L$2:$L$5000,Allocation!$C$2:$C$5000,$A12)) | I12: =IF($A12="","",SUMIFS(Allocation!$M$2:$M$5000,Allocation!$C$2:$C$5000,$A12)) | J12: =IF($A12="","",SUMIFS(Allocation!$N$2:$N$5000,Allocation!$C$2:$C$5000,$A12)) | K12: =IF($A12="","",SUMIFS(Allocation!$O$2:$O$5000,Allocation!$C$2:$C$5000,$A12)) | L12: =IF($A12="","",SUMIFS(Allocation!$P$2:$P$5000,Allocation!$C$2:$C$5000,$A12)) | M12: =IF($A12="","",SUMIFS(Allocation!$Q$2:$Q$5000,Allocation!$C$2:$C$5000,$A12))
A13: =IF(Allocation!C13="","",Allocation!C13) | B13: =IF($A13="","",SUMIFS(Allocation!$F$2:$F$5000,Allocation!$C$2:$C$5000,$A13)) | C13: =IF($A13="","",SUMIFS(Allocation!$G$2:$G$5000,Allocation!$C$2:$C$5000,$A13)) | D13: =IF($A13="","",SUMIFS(Allocation!$H$2:$H$5000,Allocation!$C$2:$C$5000,$A13)) | E13: =IF($A13="","",SUMIFS(Allocation!$I$2:$I$5000,Allocation!$C$2:$C$5000,$A13)) | F13: =IF($A13="","",SUMIFS(Allocation!$J$2:$J$5000,Allocation!$C$2:$C$5000,$A13)) | G13: =IF($A13="","",SUMIFS(Allocation!$K$2:$K$5000,Allocation!$C$2:$C$5000,$A13)) | H13: =IF($A13="","",SUMIFS(Allocation!$L$2:$L$5000,Allocation!$C$2:$C$5000,$A13)) | I13: =IF($A13="","",SUMIFS(Allocation!$M$2:$M$5000,Allocation!$C$2:$C$5000,$A13)) | J13: =IF($A13="","",SUMIFS(Allocation!$N$2:$N$5000,Allocation!$C$2:$C$5000,$A13)) | K13: =IF($A13="","",SUMIFS(Allocation!$O$2:$O$5000,Allocation!$C$2:$C$5000,$A13)) | L13: =IF($A13="","",SUMIFS(Allocation!$P$2:$P$5000,Allocation!$C$2:$C$5000,$A13)) | M13: =IF($A13="","",SUMIFS(Allocation!$Q$2:$Q$5000,Allocation!$C$2:$C$5000,$A13))
... A200: =IF(Allocation!C200="","",Allocation!C200) | B200: =IF($A200="","",SUMIFS(Allocation!$F$2:$F$5000,Allocation!$C$2:$C$5000,$A200)) | C200: =IF($A200="","",SUMIFS(Allocation!$G$2:$G$5000,Allocation!$C$2:$C$5000,$A200)) | D200: =IF($A200="","",SUMIFS(Allocation!$H$2:$H$5000,Allocation!$C$2:$C$5000,$A200)) | E200: =IF($A200="","",SUMIFS(Allocation!$I$2:$I$5000,Allocation!$C$2:$C$5000,$A200)) | F200: =IF($A200="","",SUMIFS(Allocation!$J$2:$J$5000,Allocation!$C$2:$C$5000,$A200)) | G200: =IF($A200="","",SUMIFS(Allocation!$K$2:$K$5000,Allocation!$C$2:$C$5000,$A200)) | H200: =IF($A200="","",SUMIFS(Allocation!$L$2:$L$5000,Allocation!$C$2:$C$5000,$A200)) | I200: =IF($A200="","",SUMIFS(Allocation!$M$2:$M$5000,Allocation!$C$2:$C$5000,$A200)) | J200: =IF($A200="","",SUMIFS(Allocation!$N$2:$N$5000,Allocation!$C$2:$C$5000,$A200)) | K200: =IF($A200="","",SUMIFS(Allocation!$O$2:$O$5000,Allocation!$C$2:$C$5000,$A200)) | L200: =IF($A200="","",SUMIFS(Allocation!$P$2:$P$5000,Allocation!$C$2:$C$5000,$A200)) | M200: =IF($A200="","",SUMIFS(Allocation!$Q$2:$Q$5000,Allocation!$C$2:$C$5000,$A200))

Sheet Module Monthly View
A1: Module | B1: Jan-2026 | C1: Feb-2026 | D1: Mar-2026 | E1: Apr-2026 | F1: May-2026 | G1: Jun-2026 | H1: Jul-2026 | I1: Aug-2026 | J1: Sep-2026 | K1: Oct-2026 | L1: Nov-2026 | M1: Dec-2026
A2: =IF(Allocation!E2="","",Allocation!E2) | B2: =IF($A2="","",SUMIFS(Allocation!$F$2:$F$5000,Allocation!$E$2:$E$5000,$A2)) | C2: =IF($A2="","",SUMIFS(Allocation!$G$2:$G$5000,Allocation!$E$2:$E$5000,$A2)) | D2: =IF($A2="","",SUMIFS(Allocation!$H$2:$H$5000,Allocation!$E$2:$E$5000,$A2)) | E2: =IF($A2="","",SUMIFS(Allocation!$I$2:$I$5000,Allocation!$E$2:$E$5000,$A2)) | F2: =IF($A2="","",SUMIFS(Allocation!$J$2:$J$5000,Allocation!$E$2:$E$5000,$A2)) | G2: =IF($A2="","",SUMIFS(Allocation!$K$2:$K$5000,Allocation!$E$2:$E$5000,$A2)) | H2: =IF($A2="","",SUMIFS(Allocation!$L$2:$L$5000,Allocation!$E$2:$E$5000,$A2)) | I2: =IF($A2="","",SUMIFS(Allocation!$M$2:$M$5000,Allocation!$E$2:$E$5000,$A2)) | J2: =IF($A2="","",SUMIFS(Allocation!$N$2:$N$5000,Allocation!$E$2:$E$5000,$A2)) | K2: =IF($A2="","",SUMIFS(Allocation!$O$2:$O$5000,Allocation!$E$2:$E$5000,$A2)) | L2: =IF($A2="","",SUMIFS(Allocation!$P$2:$P$5000,Allocation!$E$2:$E$5000,$A2)) | M2: =IF($A2="","",SUMIFS(Allocation!$Q$2:$Q$5000,Allocation!$E$2:$E$5000,$A2))
A3: =IF(Allocation!E3="","",Allocation!E3) | B3: =IF($A3="","",SUMIFS(Allocation!$F$2:$F$5000,Allocation!$E$2:$E$5000,$A3)) | C3: =IF($A3="","",SUMIFS(Allocation!$G$2:$G$5000,Allocation!$E$2:$E$5000,$A3)) | D3: =IF($A3="","",SUMIFS(Allocation!$H$2:$H$5000,Allocation!$E$2:$E$5000,$A3)) | E3: =IF($A3="","",SUMIFS(Allocation!$I$2:$I$5000,Allocation!$E$2:$E$5000,$A3)) | F3: =IF($A3="","",SUMIFS(Allocation!$J$2:$J$5000,Allocation!$E$2:$E$5000,$A3)) | G3: =IF($A3="","",SUMIFS(Allocation!$K$2:$K$5000,Allocation!$E$2:$E$5000,$A3)) | H3: =IF($A3="","",SUMIFS(Allocation!$L$2:$L$5000,Allocation!$E$2:$E$5000,$A3)) | I3: =IF($A3="","",SUMIFS(Allocation!$M$2:$M$5000,Allocation!$E$2:$E$5000,$A3)) | J3: =IF($A3="","",SUMIFS(Allocation!$N$2:$N$5000,Allocation!$E$2:$E$5000,$A3)) | K3: =IF($A3="","",SUMIFS(Allocation!$O$2:$O$5000,Allocation!$E$2:$E$5000,$A3)) | L3: =IF($A3="","",SUMIFS(Allocation!$P$2:$P$5000,Allocation!$E$2:$E$5000,$A3)) | M3: =IF($A3="","",SUMIFS(Allocation!$Q$2:$Q$5000,Allocation!$E$2:$E$5000,$A3))
A4: =IF(Allocation!E4="","",Allocation!E4) | B4: =IF($A4="","",SUMIFS(Allocation!$F$2:$F$5000,Allocation!$E$2:$E$5000,$A4)) | C4: =IF($A4="","",SUMIFS(Allocation!$G$2:$G$5000,Allocation!$E$2:$E$5000,$A4)) | D4: =IF($A4="","",SUMIFS(Allocation!$H$2:$H$5000,Allocation!$E$2:$E$5000,$A4)) | E4: =IF($A4="","",SUMIFS(Allocation!$I$2:$I$5000,Allocation!$E$2:$E$5000,$A4)) | F4: =IF($A4="","",SUMIFS(Allocation!$J$2:$J$5000,Allocation!$E$2:$E$5000,$A4)) | G4: =IF($A4="","",SUMIFS(Allocation!$K$2:$K$5000,Allocation!$E$2:$E$5000,$A4)) | H4: =IF($A4="","",SUMIFS(Allocation!$L$2:$L$5000,Allocation!$E$2:$E$5000,$A4)) | I4: =IF($A4="","",SUMIFS(Allocation!$M$2:$M$5000,Allocation!$E$2:$E$5000,$A4)) | J4: =IF($A4="","",SUMIFS(Allocation!$N$2:$N$5000,Allocation!$E$2:$E$5000,$A4)) | K4: =IF($A4="","",SUMIFS(Allocation!$O$2:$O$5000,Allocation!$E$2:$E$5000,$A4)) | L4: =IF($A4="","",SUMIFS(Allocation!$P$2:$P$5000,Allocation!$E$2:$E$5000,$A4)) | M4: =IF($A4="","",SUMIFS(Allocation!$Q$2:$Q$5000,Allocation!$E$2:$E$5000,$A4))
A5: =IF(Allocation!E5="","",Allocation!E5) | B5: =IF($A5="","",SUMIFS(Allocation!$F$2:$F$5000,Allocation!$E$2:$E$5000,$A5)) | C5: =IF($A5="","",SUMIFS(Allocation!$G$2:$G$5000,Allocation!$E$2:$E$5000,$A5)) | D5: =IF($A5="","",SUMIFS(Allocation!$H$2:$H$5000,Allocation!$E$2:$E$5000,$A5)) | E5: =IF($A5="","",SUMIFS(Allocation!$I$2:$I$5000,Allocation!$E$2:$E$5000,$A5)) | F5: =IF($A5="","",SUMIFS(Allocation!$J$2:$J$5000,Allocation!$E$2:$E$5000,$A5)) | G5: =IF($A5="","",SUMIFS(Allocation!$K$2:$K$5000,Allocation!$E$2:$E$5000,$A5)) | H5: =IF($A5="","",SUMIFS(Allocation!$L$2:$L$5000,Allocation!$E$2:$E$5000,$A5)) | I5: =IF($A5="","",SUMIFS(Allocation!$M$2:$M$5000,Allocation!$E$2:$E$5000,$A5)) | J5: =IF($A5="","",SUMIFS(Allocation!$N$2:$N$5000,Allocation!$E$2:$E$5000,$A5)) | K5: =IF($A5="","",SUMIFS(Allocation!$O$2:$O$5000,Allocation!$E$2:$E$5000,$A5)) | L5: =IF($A5="","",SUMIFS(Allocation!$P$2:$P$5000,Allocation!$E$2:$E$5000,$A5)) | M5: =IF($A5="","",SUMIFS(Allocation!$Q$2:$Q$5000,Allocation!$E$2:$E$5000,$A5))
A6: =IF(Allocation!E6="","",Allocation!E6) | B6: =IF($A6="","",SUMIFS(Allocation!$F$2:$F$5000,Allocation!$E$2:$E$5000,$A6)) | C6: =IF($A6="","",SUMIFS(Allocation!$G$2:$G$5000,Allocation!$E$2:$E$5000,$A6)) | D6: =IF($A6="","",SUMIFS(Allocation!$H$2:$H$5000,Allocation!$E$2:$E$5000,$A6)) | E6: =IF($A6="","",SUMIFS(Allocation!$I$2:$I$5000,Allocation!$E$2:$E$5000,$A6)) | F6: =IF($A6="","",SUMIFS(Allocation!$J$2:$J$5000,Allocation!$E$2:$E$5000,$A6)) | G6: =IF($A6="","",SUMIFS(Allocation!$K$2:$K$5000,Allocation!$E$2:$E$5000,$A6)) | H6: =IF($A6="","",SUMIFS(Allocation!$L$2:$L$5000,Allocation!$E$2:$E$5000,$A6)) | I6: =IF($A6="","",SUMIFS(Allocation!$M$2:$M$5000,Allocation!$E$2:$E$5000,$A6)) | J6: =IF($A6="","",SUMIFS(Allocation!$N$2:$N$5000,Allocation!$E$2:$E$5000,$A6)) | K6: =IF($A6="","",SUMIFS(Allocation!$O$2:$O$5000,Allocation!$E$2:$E$5000,$A6)) | L6: =IF($A6="","",SUMIFS(Allocation!$P$2:$P$5000,Allocation!$E$2:$E$5000,$A6)) | M6: =IF($A6="","",SUMIFS(Allocation!$Q$2:$Q$5000,Allocation!$E$2:$E$5000,$A6))
A7: =IF(Allocation!E7="","",Allocation!E7) | B7: =IF($A7="","",SUMIFS(Allocation!$F$2:$F$5000,Allocation!$E$2:$E$5000,$A7)) | C7: =IF($A7="","",SUMIFS(Allocation!$G$2:$G$5000,Allocation!$E$2:$E$5000,$A7)) | D7: =IF($A7="","",SUMIFS(Allocation!$H$2:$H$5000,Allocation!$E$2:$E$5000,$A7)) | E7: =IF($A7="","",SUMIFS(Allocation!$I$2:$I$5000,Allocation!$E$2:$E$5000,$A7)) | F7: =IF($A7="","",SUMIFS(Allocation!$J$2:$J$5000,Allocation!$E$2:$E$5000,$A7)) | G7: =IF($A7="","",SUMIFS(Allocation!$K$2:$K$5000,Allocation!$E$2:$E$5000,$A7)) | H7: =IF($A7="","",SUMIFS(Allocation!$L$2:$L$5000,Allocation!$E$2:$E$5000,$A7)) | I7: =IF($A7="","",SUMIFS(Allocation!$M$2:$M$5000,Allocation!$E$2:$E$5000,$A7)) | J7: =IF($A7="","",SUMIFS(Allocation!$N$2:$N$5000,Allocation!$E$2:$E$5000,$A7)) | K7: =IF($A7="","",SUMIFS(Allocation!$O$2:$O$5000,Allocation!$E$2:$E$5000,$A7)) | L7: =IF($A7="","",SUMIFS(Allocation!$P$2:$P$5000,Allocation!$E$2:$E$5000,$A7)) | M7: =IF($A7="","",SUMIFS(Allocation!$Q$2:$Q$5000,Allocation!$E$2:$E$5000,$A7))
A8: =IF(Allocation!E8="","",Allocation!E8) | B8: =IF($A8="","",SUMIFS(Allocation!$F$2:$F$5000,Allocation!$E$2:$E$5000,$A8)) | C8: =IF($A8="","",SUMIFS(Allocation!$G$2:$G$5000,Allocation!$E$2:$E$5000,$A8)) | D8: =IF($A8="","",SUMIFS(Allocation!$H$2:$H$5000,Allocation!$E$2:$E$5000,$A8)) | E8: =IF($A8="","",SUMIFS(Allocation!$I$2:$I$5000,Allocation!$E$2:$E$5000,$A8)) | F8: =IF($A8="","",SUMIFS(Allocation!$J$2:$J$5000,Allocation!$E$2:$E$5000,$A8)) | G8: =IF($A8="","",SUMIFS(Allocation!$K$2:$K$5000,Allocation!$E$2:$E$5000,$A8)) | H8: =IF($A8="","",SUMIFS(Allocation!$L$2:$L$5000,Allocation!$E$2:$E$5000,$A8)) | I8: =IF($A8="","",SUMIFS(Allocation!$M$2:$M$5000,Allocation!$E$2:$E$5000,$A8)) | J8: =IF($A8="","",SUMIFS(Allocation!$N$2:$N$5000,Allocation!$E$2:$E$5000,$A8)) | K8: =IF($A8="","",SUMIFS(Allocation!$O$2:$O$5000,Allocation!$E$2:$E$5000,$A8)) | L8: =IF($A8="","",SUMIFS(Allocation!$P$2:$P$5000,Allocation!$E$2:$E$5000,$A8)) | M8: =IF($A8="","",SUMIFS(Allocation!$Q$2:$Q$5000,Allocation!$E$2:$E$5000,$A8))
A9: =IF(Allocation!E9="","",Allocation!E9) | B9: =IF($A9="","",SUMIFS(Allocation!$F$2:$F$5000,Allocation!$E$2:$E$5000,$A9)) | C9: =IF($A9="","",SUMIFS(Allocation!$G$2:$G$5000,Allocation!$E$2:$E$5000,$A9)) | D9: =IF($A9="","",SUMIFS(Allocation!$H$2:$H$5000,Allocation!$E$2:$E$5000,$A9)) | E9: =IF($A9="","",SUMIFS(Allocation!$I$2:$I$5000,Allocation!$E$2:$E$5000,$A9)) | F9: =IF($A9="","",SUMIFS(Allocation!$J$2:$J$5000,Allocation!$E$2:$E$5000,$A9)) | G9: =IF($A9="","",SUMIFS(Allocation!$K$2:$K$5000,Allocation!$E$2:$E$5000,$A9)) | H9: =IF($A9="","",SUMIFS(Allocation!$L$2:$L$5000,Allocation!$E$2:$E$5000,$A9)) | I9: =IF($A9="","",SUMIFS(Allocation!$M$2:$M$5000,Allocation!$E$2:$E$5000,$A9)) | J9: =IF($A9="","",SUMIFS(Allocation!$N$2:$N$5000,Allocation!$E$2:$E$5000,$A9)) | K9: =IF($A9="","",SUMIFS(Allocation!$O$2:$O$5000,Allocation!$E$2:$E$5000,$A9)) | L9: =IF($A9="","",SUMIFS(Allocation!$P$2:$P$5000,Allocation!$E$2:$E$5000,$A9)) | M9: =IF($A9="","",SUMIFS(Allocation!$Q$2:$Q$5000,Allocation!$E$2:$E$5000,$A9))
A10: =IF(Allocation!E10="","",Allocation!E10) | B10: =IF($A10="","",SUMIFS(Allocation!$F$2:$F$5000,Allocation!$E$2:$E$5000,$A10)) | C10: =IF($A10="","",SUMIFS(Allocation!$G$2:$G$5000,Allocation!$E$2:$E$5000,$A10)) | D10: =IF($A10="","",SUMIFS(Allocation!$H$2:$H$5000,Allocation!$E$2:$E$5000,$A10)) | E10: =IF($A10="","",SUMIFS(Allocation!$I$2:$I$5000,Allocation!$E$2:$E$5000,$A10)) | F10: =IF($A10="","",SUMIFS(Allocation!$J$2:$J$5000,Allocation!$E$2:$E$5000,$A10)) | G10: =IF($A10="","",SUMIFS(Allocation!$K$2:$K$5000,Allocation!$E$2:$E$5000,$A10)) | H10: =IF($A10="","",SUMIFS(Allocation!$L$2:$L$5000,Allocation!$E$2:$E$5000,$A10)) | I10: =IF($A10="","",SUMIFS(Allocation!$M$2:$M$5000,Allocation!$E$2:$E$5000,$A10)) | J10: =IF($A10="","",SUMIFS(Allocation!$N$2:$N$5000,Allocation!$E$2:$E$5000,$A10)) | K10: =IF($A10="","",SUMIFS(Allocation!$O$2:$O$5000,Allocation!$E$2:$E$5000,$A10)) | L10: =IF($A10="","",SUMIFS(Allocation!$P$2:$P$5000,Allocation!$E$2:$E$5000,$A10)) | M10: =IF($A10="","",SUMIFS(Allocation!$Q$2:$Q$5000,Allocation!$E$2:$E$5000,$A10))
A11: =IF(Allocation!E11="","",Allocation!E11) | B11: =IF($A11="","",SUMIFS(Allocation!$F$2:$F$5000,Allocation!$E$2:$E$5000,$A11)) | C11: =IF($A11="","",SUMIFS(Allocation!$G$2:$G$5000,Allocation!$E$2:$E$5000,$A11)) | D11: =IF($A11="","",SUMIFS(Allocation!$H$2:$H$5000,Allocation!$E$2:$E$5000,$A11)) | E11: =IF($A11="","",SUMIFS(Allocation!$I$2:$I$5000,Allocation!$E$2:$E$5000,$A11)) | F11: =IF($A11="","",SUMIFS(Allocation!$J$2:$J$5000,Allocation!$E$2:$E$5000,$A11)) | G11: =IF($A11="","",SUMIFS(Allocation!$K$2:$K$5000,Allocation!$E$2:$E$5000,$A11)) | H11: =IF($A11="","",SUMIFS(Allocation!$L$2:$L$5000,Allocation!$E$2:$E$5000,$A11)) | I11: =IF($A11="","",SUMIFS(Allocation!$M$2:$M$5000,Allocation!$E$2:$E$5000,$A11)) | J11: =IF($A11="","",SUMIFS(Allocation!$N$2:$N$5000,Allocation!$E$2:$E$5000,$A11)) | K11: =IF($A11="","",SUMIFS(Allocation!$O$2:$O$5000,Allocation!$E$2:$E$5000,$A11)) | L11: =IF($A11="","",SUMIFS(Allocation!$P$2:$P$5000,Allocation!$E$2:$E$5000,$A11)) | M11: =IF($A11="","",SUMIFS(Allocation!$Q$2:$Q$5000,Allocation!$E$2:$E$5000,$A11))
A12: =IF(Allocation!E12="","",Allocation!E12) | B12: =IF($A12="","",SUMIFS(Allocation!$F$2:$F$5000,Allocation!$E$2:$E$5000,$A12)) | C12: =IF($A12="","",SUMIFS(Allocation!$G$2:$G$5000,Allocation!$E$2:$E$5000,$A12)) | D12: =IF($A12="","",SUMIFS(Allocation!$H$2:$H$5000,Allocation!$E$2:$E$5000,$A12)) | E12: =IF($A12="","",SUMIFS(Allocation!$I$2:$I$5000,Allocation!$E$2:$E$5000,$A12)) | F12: =IF($A12="","",SUMIFS(Allocation!$J$2:$J$5000,Allocation!$E$2:$E$5000,$A12)) | G12: =IF($A12="","",SUMIFS(Allocation!$K$2:$K$5000,Allocation!$E$2:$E$5000,$A12)) | H12: =IF($A12="","",SUMIFS(Allocation!$L$2:$L$5000,Allocation!$E$2:$E$5000,$A12)) | I12: =IF($A12="","",SUMIFS(Allocation!$M$2:$M$5000,Allocation!$E$2:$E$5000,$A12)) | J12: =IF($A12="","",SUMIFS(Allocation!$N$2:$N$5000,Allocation!$E$2:$E$5000,$A12)) | K12: =IF($A12="","",SUMIFS(Allocation!$O$2:$O$5000,Allocation!$E$2:$E$5000,$A12)) | L12: =IF($A12="","",SUMIFS(Allocation!$P$2:$P$5000,Allocation!$E$2:$E$5000,$A12)) | M12: =IF($A12="","",SUMIFS(Allocation!$Q$2:$Q$5000,Allocation!$E$2:$E$5000,$A12))
A13: =IF(Allocation!E13="","",Allocation!E13) | B13: =IF($A13="","",SUMIFS(Allocation!$F$2:$F$5000,Allocation!$E$2:$E$5000,$A13)) | C13: =IF($A13="","",SUMIFS(Allocation!$G$2:$G$5000,Allocation!$E$2:$E$5000,$A13)) | D13: =IF($A13="","",SUMIFS(Allocation!$H$2:$H$5000,Allocation!$E$2:$E$5000,$A13)) | E13: =IF($A13="","",SUMIFS(Allocation!$I$2:$I$5000,Allocation!$E$2:$E$5000,$A13)) | F13: =IF($A13="","",SUMIFS(Allocation!$J$2:$J$5000,Allocation!$E$2:$E$5000,$A13)) | G13: =IF($A13="","",SUMIFS(Allocation!$K$2:$K$5000,Allocation!$E$2:$E$5000,$A13)) | H13: =IF($A13="","",SUMIFS(Allocation!$L$2:$L$5000,Allocation!$E$2:$E$5000,$A13)) | I13: =IF($A13="","",SUMIFS(Allocation!$M$2:$M$5000,Allocation!$E$2:$E$5000,$A13)) | J13: =IF($A13="","",SUMIFS(Allocation!$N$2:$N$5000,Allocation!$E$2:$E$5000,$A13)) | K13: =IF($A13="","",SUMIFS(Allocation!$O$2:$O$5000,Allocation!$E$2:$E$5000,$A13)) | L13: =IF($A13="","",SUMIFS(Allocation!$P$2:$P$5000,Allocation!$E$2:$E$5000,$A13)) | M13: =IF($A13="","",SUMIFS(Allocation!$Q$2:$Q$5000,Allocation!$E$2:$E$5000,$A13))
... A200: =IF(Allocation!E200="","",Allocation!E200) | B200: =IF($A200="","",SUMIFS(Allocation!$F$2:$F$5000,Allocation!$E$2:$E$5000,$A200)) | C200: =IF($A200="","",SUMIFS(Allocation!$G$2:$G$5000,Allocation!$E$2:$E$5000,$A200)) | D200: =IF($A200="","",SUMIFS(Allocation!$H$2:$H$5000,Allocation!$E$2:$E$5000,$A200)) | E200: =IF($A200="","",SUMIFS(Allocation!$I$2:$I$5000,Allocation!$E$2:$E$5000,$A200)) | F200: =IF($A200="","",SUMIFS(Allocation!$J$2:$J$5000,Allocation!$E$2:$E$5000,$A200)) | G200: =IF($A200="","",SUMIFS(Allocation!$K$2:$K$5000,Allocation!$E$2:$E$5000,$A200)) | H200: =IF($A200="","",SUMIFS(Allocation!$L$2:$L$5000,Allocation!$E$2:$E$5000,$A200)) | I200: =IF($A200="","",SUMIFS(Allocation!$M$2:$M$5000,Allocation!$E$2:$E$5000,$A200)) | J200: =IF($A200="","",SUMIFS(Allocation!$N$2:$N$5000,Allocation!$E$2:$E$5000,$A200)) | K200: =IF($A200="","",SUMIFS(Allocation!$O$2:$O$5000,Allocation!$E$2:$E$5000,$A200)) | L200: =IF($A200="","",SUMIFS(Allocation!$P$2:$P$5000,Allocation!$E$2:$E$5000,$A200)) | M200: =IF($A200="","",SUMIFS(Allocation!$Q$2:$Q$5000,Allocation!$E$2:$E$5000,$A200))
